game_id,inning,home_or_away,score_diff,out_count,ball_count_B,ball_count_S,is_base1,is_base2,is_base3,pitcher_id,batter_id,batter_hit_type,pitcher_vs_batter_avg,batter_recent_avg,pitch_speed,pitch_type,total_pitch_count,recent_5_pitch_speed_avg,inning_pitch_count,pitch_result,relay_text,reward_wpa
20160916KTWO02016,1,0,0,0,1,0,0,0,0,60339,73153,L,0.0,1.0,138.0,직구,1,138.0,1,B,이대형 : 좌익수 앞 1루타,
20160916KTWO02016,1,0,0,0,1,0,0,0,0,60339,73153,L,0.0,1.0,138.0,직구,2,138.0,2,H,이대형 : 좌익수 앞 1루타,
20160916KTWO02016,1,0,0,0,0,0,1,0,0,60339,77104,R,0.0,0.239,139.0,직구,3,138.33,3,H,박용근 : 유격수 플라이 아웃 ,
20160916KTWO02016,1,0,0,1,1,0,1,0,0,60339,79453,R,0.0,0.293,108.0,커브,4,130.75,4,B,오정복 :  볼넷,
20160916KTWO02016,1,0,0,1,2,0,1,0,0,60339,79453,R,0.0,0.293,127.0,슬라이더,5,130.0,5,B,오정복 :  볼넷,
20160916KTWO02016,1,0,0,1,3,0,1,0,0,60339,79453,R,0.0,0.293,138.0,직구,6,130.0,6,B,오정복 :  볼넷,
20160916KTWO02016,1,0,0,1,4,0,1,0,0,60339,79453,R,0.0,0.293,140.0,직구,7,130.4,7,B,오정복 :  볼넷,
20160916KTWO02016,1,0,0,1,1,0,1,1,0,60339,74339,R,0.0,0.347,110.0,커브,8,124.6,8,B,유한준 : 1루수 파울플라이 아웃 ,
20160916KTWO02016,1,0,0,1,1,1,1,1,0,60339,74339,R,0.0,0.347,141.0,직구,9,131.2,9,F,유한준 : 1루수 파울플라이 아웃 ,
20160916KTWO02016,1,0,0,1,1,2,1,1,0,60339,74339,R,0.0,0.347,142.0,직구,10,134.2,10,F,유한준 : 1루수 파울플라이 아웃 ,
20160916KTWO02016,1,0,0,1,2,2,1,1,0,60339,74339,R,0.0,0.347,128.0,슬라이더,11,132.2,11,B,유한준 : 1루수 파울플라이 아웃 ,
20160916KTWO02016,1,0,0,1,2,2,1,1,0,60339,74339,R,0.0,0.347,114.0,커브,12,127.0,12,H,유한준 : 1루수 파울플라이 아웃 ,
20160916KTWO02016,1,0,0,2,0,1,1,1,0,60339,99810,L,0.0,0.321,140.0,직구,13,133.0,13,T,이진영 : 우익수 플라이 아웃 ,
20160916KTWO02016,1,0,0,2,0,1,1,1,0,60339,99810,L,0.0,0.321,128.0,체인지업,14,130.4,14,H,이진영 : 우익수 플라이 아웃 ,
20160916KTWO02016,1,1,0,0,0,1,0,0,0,65331,78168,L,0.28,1.0,140.0,직구,1,140.0,1,T,서건창 : 3루수 오른쪽 내야안타,
20160916KTWO02016,1,1,0,0,0,2,0,0,0,65331,78168,L,0.28,1.0,141.0,직구,2,140.5,2,F,서건창 : 3루수 오른쪽 내야안타,
20160916KTWO02016,1,1,0,0,0,2,0,0,0,65331,78168,L,0.28,1.0,132.0,슬라이더,3,137.67,3,H,서건창 : 3루수 오른쪽 내야안타,
20160916KTWO02016,1,1,0,0,0,1,1,0,0,65331,61353,L,0.393,1.0,130.0,슬라이더,4,135.75,4,T,고종욱 : 유격수 왼쪽 내야안타,
20160916KTWO02016,1,1,0,0,0,2,1,0,0,65331,61353,L,0.393,1.0,142.0,직구,5,137.0,5,T,고종욱 : 유격수 왼쪽 내야안타,
20160916KTWO02016,1,1,0,0,1,2,1,0,0,65331,61353,L,0.393,1.0,141.0,직구,6,137.2,6,B,고종욱 : 유격수 왼쪽 내야안타,
20160916KTWO02016,1,1,0,0,1,2,1,0,0,65331,61353,L,0.393,1.0,126.0,슬라이더,7,134.2,7,F,고종욱 : 유격수 왼쪽 내야안타,
20160916KTWO02016,1,1,0,1,1,2,0,0,0,65331,61353,L,0.393,1.0,133.0,슬라이더,8,134.4,8,H,고종욱 : 유격수 왼쪽 내야안타,
20160916KTWO02016,1,1,0,1,0,1,1,0,0,65331,73342,R,0.222,0.306,142.0,직구,9,136.8,9,T,이택근 : 중견수 플라이 아웃 ,
20160916KTWO02016,1,1,0,1,1,1,1,0,0,65331,73342,R,0.222,0.306,144.0,직구,10,137.2,10,B,이택근 : 중견수 플라이 아웃 ,
20160916KTWO02016,1,1,0,1,1,2,1,0,0,65331,73342,R,0.222,0.306,141.0,직구,11,137.2,11,F,이택근 : 중견수 플라이 아웃 ,
20160916KTWO02016,1,1,0,1,1,2,1,0,0,65331,73342,R,0.222,0.306,143.0,직구,12,140.6,12,F,이택근 : 중견수 플라이 아웃 ,
20160916KTWO02016,1,1,0,1,1,2,1,0,0,65331,73342,R,0.222,0.306,133.0,슬라이더,13,140.6,13,H,이택근 : 중견수 플라이 아웃 ,
20160916KTWO02016,1,1,0,2,1,0,1,0,0,65331,74215,R,0.351,0.338,144.0,직구,14,141.0,14,B,윤석민 : 3루수 앞 땅볼로 출루 ,
20160916KTWO02016,1,1,0,2,1,1,1,0,0,65331,74215,R,0.351,0.338,143.0,직구,15,140.8,15,T,윤석민 : 3루수 앞 땅볼로 출루 ,
20160916KTWO02016,1,1,0,2,1,2,1,0,0,65331,74215,R,0.351,0.338,141.0,직구,16,140.8,16,F,윤석민 : 3루수 앞 땅볼로 출루 ,
20160916KTWO02016,1,1,0,2,1,2,1,0,0,65331,74215,R,0.351,0.338,142.0,투심,17,140.6,17,F,윤석민 : 3루수 앞 땅볼로 출루 ,
20160916KTWO02016,1,1,0,2,1,2,1,0,0,65331,74215,R,0.351,0.338,127.0,체인지업,18,139.4,18,H,윤석민 : 3루수 앞 땅볼로 출루 ,
20160916KTWO02016,2,0,0,0,0,0,0,0,0,60339,66052,R,0.0,1.0,106.0,커브,15,123.2,1,H,남태혁 : 3루수 오른쪽 내야안타,
20160916KTWO02016,2,0,0,0,1,0,1,0,0,60339,70553,R,0.0,0.271,137.0,투심,16,125.0,2,B,박기혁 : 3루수 병살타 아웃 (3루수->2루수->1루수 송구아웃),
20160916KTWO02016,2,0,0,0,1,0,1,0,0,60339,70553,R,0.0,0.271,136.0,직구,17,129.4,3,H,박기혁 : 3루수 병살타 아웃 (3루수->2루수->1루수 송구아웃),
20160916KTWO02016,2,0,0,2,1,0,0,0,0,60339,60343,R,0.0,0.209,110.0,커브,18,123.4,4,B,이해창 : 3루수 파울플라이 아웃 ,
20160916KTWO02016,2,0,0,2,1,0,0,0,0,60339,60343,R,0.0,0.209,140.0,직구,19,125.8,5,H,이해창 : 3루수 파울플라이 아웃 ,
20160916KTWO02016,2,1,0,0,0,1,0,0,0,65331,77564,R,0.319,0.308,141.0,직구,19,138.8,1,T,김민성 : 좌익수 플라이 아웃 ,
20160916KTWO02016,2,1,0,0,0,2,0,0,0,65331,77564,R,0.319,0.308,141.0,직구,20,138.4,2,T,김민성 : 좌익수 플라이 아웃 ,
20160916KTWO02016,2,1,0,0,0,2,0,0,0,65331,77564,R,0.319,0.308,128.0,체인지업,21,135.8,3,F,김민성 : 좌익수 플라이 아웃 ,
20160916KTWO02016,2,1,0,0,1,2,0,0,0,65331,77564,R,0.319,0.308,144.0,직구,22,136.2,4,B,김민성 : 좌익수 플라이 아웃 ,
20160916KTWO02016,2,1,0,0,1,2,0,0,0,65331,77564,R,0.319,0.308,143.0,직구,23,139.4,5,H,김민성 : 좌익수 플라이 아웃 ,
20160916KTWO02016,2,1,0,1,0,1,0,0,0,65331,66306,L,0.298,0.301,143.0,투심,24,139.8,6,F,대니돈 :  삼진 아웃 ,
20160916KTWO02016,2,1,0,1,1,1,0,0,0,65331,66306,L,0.298,0.301,124.0,체인지업,25,136.4,7,B,대니돈 :  삼진 아웃 ,
20160916KTWO02016,2,1,0,1,1,2,0,0,0,65331,66306,L,0.298,0.301,133.0,슬라이더,26,137.4,8,F,대니돈 :  삼진 아웃 ,
20160916KTWO02016,2,1,0,1,2,2,0,0,0,65331,66306,L,0.298,0.301,144.0,직구,27,137.4,9,B,대니돈 :  삼진 아웃 ,
20160916KTWO02016,2,1,0,1,3,2,0,0,0,65331,66306,L,0.298,0.301,144.0,직구,28,137.6,10,B,대니돈 :  삼진 아웃 ,
20160916KTWO02016,2,1,0,1,3,3,0,0,0,65331,66306,L,0.298,0.301,127.0,체인지업,29,134.4,11,S,대니돈 :  삼진 아웃 ,
20160916KTWO02016,2,1,0,2,0,1,0,0,0,65331,79365,R,0.357,1.0,146.0,직구,30,138.8,12,S,박동원 : 좌익수 앞 1루타,
20160916KTWO02016,2,1,0,2,1,1,0,0,0,65331,79365,R,0.357,1.0,144.0,투심,31,141.0,13,B,박동원 : 좌익수 앞 1루타,
20160916KTWO02016,2,1,0,2,1,1,0,0,0,65331,79365,R,0.357,1.0,129.0,체인지업,32,138.0,14,H,박동원 : 좌익수 앞 1루타,
20160916KTWO02016,2,1,0,2,0,0,1,0,0,65331,64300,R,0.328,0.275,143.0,직구,33,137.8,15,H,김하성 : 중견수 플라이 아웃 ,
20160916KTWO02016,3,0,0,0,1,0,0,0,0,60339,64006,R,0.0,0.225,137.0,투심,20,132.0,1,B,심우준 : 좌익수 플라이 아웃 ,
20160916KTWO02016,3,0,0,0,2,0,0,0,0,60339,64006,R,0.0,0.225,109.0,커브,21,126.4,2,B,심우준 : 좌익수 플라이 아웃 ,
20160916KTWO02016,3,0,0,0,2,1,0,0,0,60339,64006,R,0.0,0.225,138.0,직구,22,126.8,3,T,심우준 : 좌익수 플라이 아웃 ,
20160916KTWO02016,3,0,0,0,2,2,0,0,0,60339,64006,R,0.0,0.225,134.0,투심,23,131.6,4,F,심우준 : 좌익수 플라이 아웃 ,
20160916KTWO02016,3,0,0,0,2,2,0,0,0,60339,64006,R,0.0,0.225,111.0,커브,24,125.8,5,F,심우준 : 좌익수 플라이 아웃 ,
20160916KTWO02016,3,0,0,0,2,2,0,0,0,60339,64006,R,0.0,0.225,127.0,체인지업,25,123.8,6,H,심우준 : 좌익수 플라이 아웃 ,
20160916KTWO02016,3,0,0,1,0,1,0,0,0,60339,73153,L,0.0,0.5,110.0,커브,26,124.0,7,T,이대형 : 좌익수 플라이 아웃 ,
20160916KTWO02016,3,0,0,1,0,1,0,0,0,60339,73153,L,0.0,0.5,114.0,커브,27,119.2,8,H,이대형 : 좌익수 플라이 아웃 ,
20160916KTWO02016,3,0,0,2,0,1,0,0,0,60339,77104,R,0.0,0.239,140.0,직구,28,120.4,9,T,박용근 : 유격수 땅볼 아웃 (유격수->1루수 송구아웃),
20160916KTWO02016,3,0,0,2,0,2,0,0,0,60339,77104,R,0.0,0.239,114.0,커브,29,121.0,10,T,박용근 : 유격수 땅볼 아웃 (유격수->1루수 송구아웃),
20160916KTWO02016,3,0,0,2,0,2,0,0,0,60339,77104,R,0.0,0.239,137.0,투심,30,123.0,11,F,박용근 : 유격수 땅볼 아웃 (유격수->1루수 송구아웃),
20160916KTWO02016,3,0,0,2,1,2,0,0,0,60339,77104,R,0.0,0.239,115.0,커브,31,124.0,12,B,박용근 : 유격수 땅볼 아웃 (유격수->1루수 송구아웃),
20160916KTWO02016,3,0,0,2,2,2,0,0,0,60339,77104,R,0.0,0.239,116.0,커브,32,124.4,13,B,박용근 : 유격수 땅볼 아웃 (유격수->1루수 송구아웃),
20160916KTWO02016,3,0,0,2,2,2,0,0,0,60339,77104,R,0.0,0.239,139.0,직구,33,124.2,14,H,박용근 : 유격수 땅볼 아웃 (유격수->1루수 송구아웃),
20160916KTWO02016,3,1,0,0,1,0,0,0,0,65331,64346,L,0.174,0.24,117.0,커브,34,135.8,1,B,임병욱 :  삼진 아웃 ,
20160916KTWO02016,3,1,0,0,2,0,0,0,0,65331,64346,L,0.174,0.24,141.0,직구,35,134.8,2,B,임병욱 :  삼진 아웃 ,
20160916KTWO02016,3,1,0,0,2,1,0,0,0,65331,64346,L,0.174,0.24,142.0,직구,36,134.4,3,T,임병욱 :  삼진 아웃 ,
20160916KTWO02016,3,1,0,0,2,2,0,0,0,65331,64346,L,0.174,0.24,127.0,체인지업,37,134.0,4,F,임병욱 :  삼진 아웃 ,
20160916KTWO02016,3,1,0,0,2,2,0,0,0,65331,64346,L,0.174,0.24,130.0,체인지업,38,131.4,5,F,임병욱 :  삼진 아웃 ,
20160916KTWO02016,3,1,0,0,3,2,0,0,0,65331,64346,L,0.174,0.24,128.0,체인지업,39,133.6,6,B,임병욱 :  삼진 아웃 ,
20160916KTWO02016,3,1,0,0,3,3,0,0,0,65331,64346,L,0.174,0.24,143.0,직구,40,134.0,7,T,임병욱 :  삼진 아웃 ,
20160916KTWO02016,3,1,0,1,1,0,0,0,0,65331,78168,L,0.28,1.0,133.0,슬라이더,41,132.2,8,B,서건창 : 중견수 앞 1루타,
20160916KTWO02016,3,1,0,1,2,0,0,0,0,65331,78168,L,0.28,1.0,144.0,직구,42,135.6,9,B,서건창 : 중견수 앞 1루타,
20160916KTWO02016,3,1,0,1,2,1,0,0,0,65331,78168,L,0.28,1.0,127.0,체인지업,43,135.0,10,T,서건창 : 중견수 앞 1루타,
20160916KTWO02016,3,1,0,1,3,1,0,0,0,65331,78168,L,0.28,1.0,143.0,직구,44,138.0,11,B,서건창 : 중견수 앞 1루타,
20160916KTWO02016,3,1,0,1,3,1,0,0,0,65331,78168,L,0.28,1.0,140.0,직구,45,137.4,12,H,서건창 : 중견수 앞 1루타,
20160916KTWO02016,3,1,0,1,0,1,1,0,0,65331,61353,L,0.393,0.5,142.0,직구,46,139.2,13,T,고종욱 : 3루수 땅볼 아웃 (3루수->1루수 송구아웃),
20160916KTWO02016,3,1,0,1,1,1,1,0,0,65331,61353,L,0.393,0.5,125.0,체인지업,47,135.4,14,B,고종욱 : 3루수 땅볼 아웃 (3루수->1루수 송구아웃),
20160916KTWO02016,3,1,0,1,1,2,1,0,0,65331,61353,L,0.393,0.5,131.0,슬라이더,48,136.2,15,F,고종욱 : 3루수 땅볼 아웃 (3루수->1루수 송구아웃),
20160916KTWO02016,3,1,0,1,2,2,1,0,0,65331,61353,L,0.393,0.5,129.0,슬라이더,49,133.4,16,B,고종욱 : 3루수 땅볼 아웃 (3루수->1루수 송구아웃),
20160916KTWO02016,3,1,0,1,2,2,0,1,0,65331,61353,L,0.393,0.5,142.0,직구,50,133.8,17,H,고종욱 : 3루수 땅볼 아웃 (3루수->1루수 송구아웃),
20160916KTWO02016,3,1,0,2,1,0,0,1,0,65331,73342,R,0.222,0.306,142.0,직구,51,133.8,18,B,이택근 :  볼넷,
20160916KTWO02016,3,1,0,2,2,0,0,1,0,65331,73342,R,0.222,0.306,141.0,직구,52,137.0,19,B,이택근 :  볼넷,
20160916KTWO02016,3,1,0,2,2,1,0,1,0,65331,73342,R,0.222,0.306,142.0,직구,53,139.2,20,T,이택근 :  볼넷,
20160916KTWO02016,3,1,0,2,2,2,0,1,0,65331,73342,R,0.222,0.306,142.0,직구,54,141.8,21,T,이택근 :  볼넷,
20160916KTWO02016,3,1,0,2,3,2,0,1,0,65331,73342,R,0.222,0.306,124.0,체인지업,55,138.2,22,B,이택근 :  볼넷,
20160916KTWO02016,3,1,0,2,4,2,0,1,0,65331,73342,R,0.222,0.306,142.0,직구,56,138.2,23,B,이택근 :  볼넷,
20160916KTWO02016,3,1,0,2,1,0,1,1,0,65331,74215,R,0.351,0.338,127.0,체인지업,57,135.4,24,B,윤석민 :  삼진 아웃 ,
20160916KTWO02016,3,1,0,2,2,0,1,1,0,65331,74215,R,0.351,0.338,140.0,직구,58,135.0,25,B,윤석민 :  삼진 아웃 ,
20160916KTWO02016,3,1,0,2,2,1,1,1,0,65331,74215,R,0.351,0.338,140.0,직구,59,134.6,26,T,윤석민 :  삼진 아웃 ,
20160916KTWO02016,3,1,0,2,2,2,1,1,0,65331,74215,R,0.351,0.338,141.0,직구,60,138.0,27,F,윤석민 :  삼진 아웃 ,
20160916KTWO02016,3,1,0,2,2,3,1,1,0,65331,74215,R,0.351,0.338,127.0,체인지업,61,135.0,28,T,윤석민 :  삼진 아웃 ,
20160916KTWO02016,4,0,0,0,0,1,0,0,0,60339,79453,R,0.0,1.0,136.0,직구,34,128.6,1,T,오정복 : 좌익수 왼쪽 1루타,
20160916KTWO02016,4,0,0,0,0,2,0,0,0,60339,79453,R,0.0,1.0,137.0,투심,35,128.6,2,S,오정복 : 좌익수 왼쪽 1루타,
20160916KTWO02016,4,0,0,0,1,2,0,0,0,60339,79453,R,0.0,1.0,110.0,커브,36,127.6,3,B,오정복 : 좌익수 왼쪽 1루타,
20160916KTWO02016,4,0,0,0,1,2,0,0,0,60339,79453,R,0.0,1.0,121.0,체인지업,37,128.6,4,H,오정복 : 좌익수 왼쪽 1루타,
20160916KTWO02016,4,0,0,1,1,0,0,0,0,60339,74339,R,0.0,0.347,136.0,직구,38,128.0,5,B,유한준 :  볼넷,
20160916KTWO02016,4,0,0,1,1,1,0,0,0,60339,74339,R,0.0,0.347,138.0,직구,39,128.4,6,F,유한준 :  볼넷,
20160916KTWO02016,4,0,0,1,1,2,0,0,0,60339,74339,R,0.0,0.347,138.0,직구,40,128.6,7,F,유한준 :  볼넷,
20160916KTWO02016,4,0,0,1,2,2,0,0,0,60339,74339,R,0.0,0.347,138.0,직구,41,134.2,8,B,유한준 :  볼넷,
20160916KTWO02016,4,0,0,1,3,2,0,0,0,60339,74339,R,0.0,0.347,113.0,커브,42,132.6,9,B,유한준 :  볼넷,
20160916KTWO02016,4,0,0,1,4,2,0,0,0,60339,74339,R,0.0,0.347,110.0,커브,43,127.4,10,B,유한준 :  볼넷,
20160916KTWO02016,4,0,0,1,0,1,1,0,0,60339,99810,L,0.0,0.321,137.0,투심,44,127.2,11,S,이진영 : 중견수 플라이 아웃 ,
20160916KTWO02016,4,0,0,1,1,1,1,0,0,60339,99810,L,0.0,0.321,137.0,직구,45,127.0,12,B,이진영 : 중견수 플라이 아웃 ,
20160916KTWO02016,4,0,0,1,1,1,1,0,0,60339,99810,L,0.0,0.321,125.0,체인지업,46,124.4,13,H,이진영 : 중견수 플라이 아웃 ,
20160916KTWO02016,4,0,0,2,1,0,1,0,0,60339,66052,R,0.0,0.5,110.0,커브,47,123.8,14,B,남태혁 :  삼진 아웃 ,
20160916KTWO02016,4,0,0,2,1,1,1,0,0,60339,66052,R,0.0,0.5,110.0,커브,48,123.8,15,T,남태혁 :  삼진 아웃 ,
20160916KTWO02016,4,0,0,2,2,1,1,0,0,60339,66052,R,0.0,0.5,135.0,투심,49,123.4,16,B,남태혁 :  삼진 아웃 ,
20160916KTWO02016,4,0,0,2,2,2,1,0,0,60339,66052,R,0.0,0.5,137.0,직구,50,123.4,17,F,남태혁 :  삼진 아웃 ,
20160916KTWO02016,4,0,0,2,3,2,1,0,0,60339,66052,R,0.0,0.5,116.0,커브,51,121.6,18,B,남태혁 :  삼진 아웃 ,
20160916KTWO02016,4,0,0,2,3,2,1,0,0,60339,66052,R,0.0,0.5,124.0,체인지업,52,124.4,19,F,남태혁 :  삼진 아웃 ,
20160916KTWO02016,4,0,0,2,3,3,1,0,0,60339,66052,R,0.0,0.5,138.0,직구,53,130.0,20,T,남태혁 :  삼진 아웃 ,
20160916KTWO02016,4,1,0,0,1,0,0,0,0,65331,77564,R,0.319,0.5,116.0,커브,62,132.8,1,B,김민성 : 중견수 오른쪽 1루타,
20160916KTWO02016,4,1,0,0,1,0,0,0,0,65331,77564,R,0.319,0.5,141.0,직구,63,133.0,2,H,김민성 : 중견수 오른쪽 1루타,
20160916KTWO02016,4,1,0,0,0,1,1,0,0,65331,66306,L,0.298,0.301,125.0,체인지업,64,130.0,3,T,대니돈 : 1루수 땅볼 아웃 (1루수 1루 터치아웃),
20160916KTWO02016,4,1,0,0,0,2,0,1,0,65331,66306,L,0.298,0.301,129.0,슬라이더,65,127.6,4,F,대니돈 : 1루수 땅볼 아웃 (1루수 1루 터치아웃),
20160916KTWO02016,4,1,0,0,0,2,0,1,0,65331,66306,L,0.298,0.301,140.0,직구,66,130.2,5,H,대니돈 : 1루수 땅볼 아웃 (1루수 1루 터치아웃),
20160916KTWO02016,4,1,0,1,0,0,0,0,1,65331,79365,R,0.357,0.5,125.0,체인지업,67,132.0,6,H,박동원 : 1루수 땅볼 아웃 ,
20160916KTWO02016,4,1,1,2,1,0,0,0,0,65331,64300,R,0.328,0.5,125.0,체인지업,68,128.8,7,B,김하성 : 중견수 앞 1루타,
20160916KTWO02016,4,1,1,2,1,1,0,0,0,65331,64300,R,0.328,0.5,142.0,직구,69,132.2,8,T,김하성 : 중견수 앞 1루타,
20160916KTWO02016,4,1,1,2,1,2,0,0,0,65331,64300,R,0.328,0.5,117.0,커브,70,129.8,9,T,김하성 : 중견수 앞 1루타,
20160916KTWO02016,4,1,1,2,1,2,0,0,0,65331,64300,R,0.328,0.5,142.0,직구,71,130.2,10,F,김하성 : 중견수 앞 1루타,
20160916KTWO02016,4,1,1,2,1,2,0,0,0,65331,64300,R,0.328,0.5,125.0,체인지업,72,130.2,11,F,김하성 : 중견수 앞 1루타,
20160916KTWO02016,4,1,1,2,1,2,0,0,0,65331,64300,R,0.328,0.5,142.0,직구,73,133.6,12,F,김하성 : 중견수 앞 1루타,
20160916KTWO02016,4,1,1,2,1,2,0,0,0,65331,64300,R,0.328,0.5,142.0,직구,74,133.6,13,H,김하성 : 중견수 앞 1루타,
20160916KTWO02016,4,1,1,2,1,0,1,0,0,65331,64346,L,0.174,0.24,116.0,커브,75,133.4,14,B,,
20160916KTWO02016,5,0,1,0,0,1,0,0,0,60339,70553,R,0.0,0.5,136.0,투심,54,130.2,1,T,박기혁 : 유격수 왼쪽 내야안타,
20160916KTWO02016,5,0,1,0,0,2,0,0,0,60339,70553,R,0.0,0.5,137.0,직구,55,130.2,2,T,박기혁 : 유격수 왼쪽 내야안타,
20160916KTWO02016,5,0,1,0,0,2,0,0,0,60339,70553,R,0.0,0.5,128.0,슬라이더,56,132.6,3,H,박기혁 : 유격수 왼쪽 내야안타,
20160916KTWO02016,5,0,1,0,0,0,1,0,0,60339,60343,R,0.0,0.209,139.0,직구,57,135.6,4,H,이해창 : 투수 번트병살타 아웃 (투수->유격수->2루수 송구아웃),
20160916KTWO02016,5,0,1,2,0,1,0,0,0,60339,64006,R,0.0,0.225,138.0,직구,58,135.6,5,T,심우준 : 좌익수 플라이 아웃 ,
20160916KTWO02016,5,0,1,2,1,1,0,0,0,60339,64006,R,0.0,0.225,111.0,커브,59,130.6,6,B,심우준 : 좌익수 플라이 아웃 ,
20160916KTWO02016,5,0,1,2,2,1,0,0,0,60339,64006,R,0.0,0.225,128.0,슬라이더,60,128.8,7,B,심우준 : 좌익수 플라이 아웃 ,
20160916KTWO02016,5,0,1,2,2,1,0,0,0,60339,64006,R,0.0,0.225,138.0,직구,61,130.8,8,H,심우준 : 좌익수 플라이 아웃 ,
20160916KTWO02016,5,1,1,0,1,0,0,0,0,65331,64346,L,0.174,0.24,140.0,직구,76,133.0,1,B,임병욱 :  삼진 아웃 ,
20160916KTWO02016,5,1,1,0,2,0,0,0,0,65331,64346,L,0.174,0.24,114.0,커브,77,130.8,2,B,임병욱 :  삼진 아웃 ,
20160916KTWO02016,5,1,1,0,3,0,0,0,0,65331,64346,L,0.174,0.24,140.0,직구,78,130.4,3,B,임병욱 :  삼진 아웃 ,
20160916KTWO02016,5,1,1,0,3,1,0,0,0,65331,64346,L,0.174,0.24,138.0,직구,79,129.6,4,T,임병욱 :  삼진 아웃 ,
20160916KTWO02016,5,1,1,0,3,2,0,0,0,65331,64346,L,0.174,0.24,142.0,직구,80,134.8,5,S,임병욱 :  삼진 아웃 ,
20160916KTWO02016,5,1,1,0,3,3,0,0,0,65331,64346,L,0.174,0.24,127.0,체인지업,81,132.2,6,S,임병욱 :  삼진 아웃 ,
20160916KTWO02016,5,1,1,1,0,1,0,0,0,65331,78168,L,0.28,0.667,142.0,직구,82,137.8,7,T,서건창 :  삼진 아웃 ,
20160916KTWO02016,5,1,1,1,0,2,0,0,0,65331,78168,L,0.28,0.667,127.0,체인지업,83,135.2,8,S,서건창 :  삼진 아웃 ,
20160916KTWO02016,5,1,1,1,1,2,0,0,0,65331,78168,L,0.28,0.667,132.0,슬라이더,84,134.0,9,B,서건창 :  삼진 아웃 ,
20160916KTWO02016,5,1,1,1,2,2,0,0,0,65331,78168,L,0.28,0.667,128.0,체인지업,85,131.2,10,B,서건창 :  삼진 아웃 ,
20160916KTWO02016,5,1,1,1,2,2,0,0,0,65331,78168,L,0.28,0.667,143.0,직구,86,134.4,11,F,서건창 :  삼진 아웃 ,
20160916KTWO02016,5,1,1,1,3,2,0,0,0,65331,78168,L,0.28,0.667,119.0,커브,87,129.8,12,B,서건창 :  삼진 아웃 ,
20160916KTWO02016,5,1,1,1,3,3,0,0,0,65331,78168,L,0.28,0.667,127.0,체인지업,88,129.8,13,S,서건창 :  삼진 아웃 ,
20160916KTWO02016,5,1,1,2,0,1,0,0,0,65331,61353,L,0.393,0.333,140.0,직구,89,131.4,14,T,고종욱 :  삼진 아웃 ,
20160916KTWO02016,5,1,1,2,0,2,0,0,0,65331,61353,L,0.393,0.333,120.0,커브,90,129.8,15,S,고종욱 :  삼진 아웃 ,
20160916KTWO02016,5,1,1,2,1,2,0,0,0,65331,61353,L,0.393,0.333,125.0,체인지업,91,126.2,16,B,고종욱 :  삼진 아웃 ,
20160916KTWO02016,5,1,1,2,1,2,0,0,0,65331,61353,L,0.393,0.333,122.0,커브,92,126.8,17,F,고종욱 :  삼진 아웃 ,
20160916KTWO02016,5,1,1,2,1,2,0,0,0,65331,61353,L,0.393,0.333,119.0,커브,93,125.2,18,F,고종욱 :  삼진 아웃 ,
20160916KTWO02016,5,1,1,2,2,2,0,0,0,65331,61353,L,0.393,0.333,143.0,직구,94,125.8,19,B,고종욱 :  삼진 아웃 ,
20160916KTWO02016,5,1,1,2,3,2,0,0,0,65331,61353,L,0.393,0.333,142.0,직구,95,130.2,20,B,고종욱 :  삼진 아웃 ,
20160916KTWO02016,5,1,1,2,3,2,0,0,0,65331,61353,L,0.393,0.333,127.0,체인지업,96,130.6,21,F,고종욱 :  삼진 아웃 ,
20160916KTWO02016,5,1,1,2,3,3,0,0,0,65331,61353,L,0.393,0.333,142.0,직구,97,134.6,22,S,고종욱 :  삼진 아웃 ,
20160916KTWO02016,6,0,1,0,1,0,0,0,0,60339,73153,L,0.0,0.333,136.0,직구,62,130.2,1,B,이대형 : 3루수 땅볼 아웃 (3루수->1루수 송구아웃),
20160916KTWO02016,6,0,1,0,2,0,0,0,0,60339,73153,L,0.0,0.333,123.0,체인지업,63,127.2,2,B,이대형 : 3루수 땅볼 아웃 (3루수->1루수 송구아웃),
20160916KTWO02016,6,0,1,0,3,0,0,0,0,60339,73153,L,0.0,0.333,133.0,투심,64,131.6,3,B,이대형 : 3루수 땅볼 아웃 (3루수->1루수 송구아웃),
20160916KTWO02016,6,0,1,0,3,1,0,0,0,60339,73153,L,0.0,0.333,136.0,직구,65,133.2,4,T,이대형 : 3루수 땅볼 아웃 (3루수->1루수 송구아웃),
20160916KTWO02016,6,0,1,0,3,1,0,0,0,60339,73153,L,0.0,0.333,137.0,직구,66,133.0,5,H,이대형 : 3루수 땅볼 아웃 (3루수->1루수 송구아웃),
20160916KTWO02016,6,0,1,1,0,0,0,0,0,60339,77104,R,0.0,0.239,138.0,직구,67,133.4,6,H,박용근 : 좌익수 플라이 아웃 ,
20160916KTWO02016,6,0,1,2,0,1,0,0,0,60339,79453,R,0.0,1.0,139.0,직구,68,136.6,7,S,오정복 : 좌익수 앞 1루타,
20160916KTWO02016,6,0,1,2,0,2,0,0,0,60339,79453,R,0.0,1.0,138.0,직구,69,137.6,8,F,오정복 : 좌익수 앞 1루타,
20160916KTWO02016,6,0,1,2,0,2,0,0,0,60339,79453,R,0.0,1.0,138.0,직구,70,138.0,9,F,오정복 : 좌익수 앞 1루타,
20160916KTWO02016,6,0,1,2,0,2,0,0,0,60339,79453,R,0.0,1.0,112.0,커브,71,133.0,10,H,오정복 : 좌익수 앞 1루타,
20160916KTWO02016,6,0,1,2,1,0,1,0,0,60339,74339,R,0.0,0.5,110.0,커브,72,127.4,11,B,유한준 : 좌익수 앞 1루타,
20160916KTWO02016,6,0,1,2,2,0,1,0,0,60339,74339,R,0.0,0.5,139.0,직구,73,127.4,12,B,유한준 : 좌익수 앞 1루타,
20160916KTWO02016,6,0,1,2,2,0,1,0,0,60339,74339,R,0.0,0.5,138.0,직구,74,127.4,13,H,유한준 : 좌익수 앞 1루타,
20160916KTWO02016,6,0,1,2,0,1,1,1,0,60339,99810,L,0.0,0.321,125.0,체인지업,75,124.8,14,T,이진영 : 2루수 땅볼 아웃 (2루수->1루수 송구아웃),
20160916KTWO02016,6,0,1,2,1,1,1,1,0,60339,99810,L,0.0,0.321,139.0,직구,76,130.2,15,B,이진영 : 2루수 땅볼 아웃 (2루수->1루수 송구아웃),
20160916KTWO02016,6,0,1,2,1,2,1,1,0,60339,99810,L,0.0,0.321,139.0,직구,77,136.0,16,F,이진영 : 2루수 땅볼 아웃 (2루수->1루수 송구아웃),
20160916KTWO02016,6,0,1,2,2,2,1,1,0,60339,99810,L,0.0,0.321,128.0,슬라이더,78,133.8,17,B,이진영 : 2루수 땅볼 아웃 (2루수->1루수 송구아웃),
20160916KTWO02016,6,0,1,2,2,2,0,1,1,60339,99810,L,0.0,0.321,127.0,체인지업,79,131.6,18,F,이진영 : 2루수 땅볼 아웃 (2루수->1루수 송구아웃),
20160916KTWO02016,6,0,1,2,2,2,0,1,1,60339,99810,L,0.0,0.321,128.0,체인지업,80,132.2,19,H,이진영 : 2루수 땅볼 아웃 (2루수->1루수 송구아웃),
20160916KTWO02016,6,1,1,0,0,1,0,0,0,65331,73342,R,0.222,0.306,125.0,체인지업,98,135.8,1,F,이택근 :  삼진 아웃 ,
20160916KTWO02016,6,1,1,0,1,1,0,0,0,65331,73342,R,0.222,0.306,140.0,직구,99,135.2,2,B,이택근 :  삼진 아웃 ,
20160916KTWO02016,6,1,1,0,1,2,0,0,0,65331,73342,R,0.222,0.306,143.0,직구,100,135.4,3,S,이택근 :  삼진 아웃 ,
20160916KTWO02016,6,1,1,0,1,3,0,0,0,65331,73342,R,0.222,0.306,118.0,커브,101,133.6,4,T,이택근 :  삼진 아웃 ,
20160916KTWO02016,6,1,1,1,0,1,0,0,0,65331,74215,R,0.351,0.338,143.0,직구,102,133.8,5,T,윤석민 :  볼넷,
20160916KTWO02016,6,1,1,1,1,1,0,0,0,65331,74215,R,0.351,0.338,141.0,직구,103,137.0,6,B,윤석민 :  볼넷,
20160916KTWO02016,6,1,1,1,2,1,0,0,0,65331,74215,R,0.351,0.338,116.0,커브,104,132.2,7,B,윤석민 :  볼넷,
20160916KTWO02016,6,1,1,1,3,1,0,0,0,65331,74215,R,0.351,0.338,141.0,직구,105,131.8,8,B,윤석민 :  볼넷,
20160916KTWO02016,6,1,1,1,3,2,0,0,0,65331,74215,R,0.351,0.338,127.0,체인지업,106,133.6,9,S,윤석민 :  볼넷,
20160916KTWO02016,6,1,1,1,3,2,0,0,0,65331,74215,R,0.351,0.338,127.0,체인지업,107,130.4,10,F,윤석민 :  볼넷,
20160916KTWO02016,6,1,1,1,3,2,0,0,0,65331,74215,R,0.351,0.338,142.0,직구,108,130.6,11,F,윤석민 :  볼넷,
20160916KTWO02016,6,1,1,1,3,2,0,0,0,65331,74215,R,0.351,0.338,131.0,슬라이더,109,133.6,12,F,윤석민 :  볼넷,
20160916KTWO02016,6,1,1,1,4,2,0,0,0,65331,74215,R,0.351,0.338,142.0,직구,110,133.8,13,B,윤석민 :  볼넷,
20160916KTWO02016,6,1,1,1,0,1,1,0,0,65331,77564,R,0.319,0.333,126.0,체인지업,111,133.6,14,T,김민성 :  삼진 아웃 ,
20160916KTWO02016,6,1,1,1,0,2,1,0,0,65331,77564,R,0.319,0.333,141.0,직구,112,136.4,15,T,김민성 :  삼진 아웃 ,
20160916KTWO02016,6,1,1,1,0,3,1,0,0,65331,77564,R,0.319,0.333,140.0,직구,113,136.0,16,S,김민성 :  삼진 아웃 ,
20160916KTWO02016,6,1,1,2,1,0,1,0,0,65331,66306,L,0.298,0.301,116.0,커브,114,133.0,17,B,대니돈 :  볼넷,
20160916KTWO02016,6,1,1,2,1,1,1,0,0,65331,66306,L,0.298,0.301,142.0,직구,115,133.0,18,F,대니돈 :  볼넷,
20160916KTWO02016,6,1,1,2,1,2,1,0,0,65331,66306,L,0.298,0.301,126.0,체인지업,116,133.0,19,T,대니돈 :  볼넷,
20160916KTWO02016,6,1,1,2,2,2,1,0,0,65331,66306,L,0.298,0.301,130.0,슬라이더,117,130.8,20,B,대니돈 :  볼넷,
20160916KTWO02016,6,1,1,2,3,2,1,0,0,65331,66306,L,0.298,0.301,142.0,직구,118,131.2,21,B,대니돈 :  볼넷,
20160916KTWO02016,6,1,1,2,4,2,1,0,0,65331,66306,L,0.298,0.301,139.0,직구,119,135.8,22,B,대니돈 :  볼넷,
20160916KTWO02016,6,1,1,2,0,1,1,1,0,65331,79365,R,0.357,0.333,126.0,체인지업,120,132.6,23,S,박동원 : 투수 땅볼 아웃 (투수->1루수 송구아웃),
20160916KTWO02016,6,1,1,2,1,1,1,1,0,65331,79365,R,0.357,0.333,142.0,직구,121,135.8,24,B,박동원 : 투수 땅볼 아웃 (투수->1루수 송구아웃),
20160916KTWO02016,6,1,1,2,1,2,1,1,0,65331,79365,R,0.357,0.333,125.0,체인지업,122,134.8,25,S,박동원 : 투수 땅볼 아웃 (투수->1루수 송구아웃),
20160916KTWO02016,6,1,1,2,1,2,1,1,0,65331,79365,R,0.357,0.333,125.0,체인지업,123,131.4,26,H,박동원 : 투수 땅볼 아웃 (투수->1루수 송구아웃),
20160916KTWO02016,7,0,1,0,0,1,0,0,0,72749,66052,R,0.0,0.333,136.0,직구,1,136.0,1,T,남태혁 :  삼진 아웃 ,
20160916KTWO02016,7,0,1,0,0,2,0,0,0,72749,66052,R,0.0,0.333,136.0,직구,2,136.0,2,F,남태혁 :  삼진 아웃 ,
20160916KTWO02016,7,0,1,0,0,3,0,0,0,72749,66052,R,0.0,0.333,122.0,슬라이더,3,131.33,3,S,남태혁 :  삼진 아웃 ,
20160916KTWO02016,7,0,1,1,1,0,0,0,0,72749,70553,R,0.0,0.5,136.0,직구,4,132.5,4,B,박기혁 :  볼넷,
20160916KTWO02016,7,0,1,1,2,0,0,0,0,72749,70553,R,0.0,0.5,136.0,직구,5,133.2,5,B,박기혁 :  볼넷,
20160916KTWO02016,7,0,1,1,2,1,0,0,0,72749,70553,R,0.0,0.5,136.0,직구,6,133.2,6,T,박기혁 :  볼넷,
20160916KTWO02016,7,0,1,1,3,1,0,0,0,72749,70553,R,0.0,0.5,137.0,직구,7,133.4,7,B,박기혁 :  볼넷,
20160916KTWO02016,7,0,1,1,3,2,0,0,0,72749,70553,R,0.0,0.5,135.0,직구,8,136.0,8,T,박기혁 :  볼넷,
20160916KTWO02016,7,0,1,1,4,2,0,0,0,72749,70553,R,0.0,0.5,133.0,직구,9,135.4,9,B,박기혁 :  볼넷,
20160916KTWO02016,7,0,1,1,0,1,1,0,0,72749,60343,R,0.0,0.209,124.0,슬라이더,10,133.0,10,T,이해창 : 우익수 플라이 아웃 ,
20160916KTWO02016,7,0,1,1,0,1,1,0,0,72749,60343,R,0.0,0.209,135.0,직구,11,132.8,11,H,이해창 : 우익수 플라이 아웃 ,
20160916KTWO02016,7,0,1,2,0,1,1,0,0,72749,64006,R,0.0,0.225,136.0,직구,12,132.6,12,W,심우준 :  삼진 아웃 ,
20160916KTWO02016,7,0,1,2,1,1,1,0,0,72749,64006,R,0.0,0.225,136.0,직구,13,132.8,13,B,심우준 :  삼진 아웃 ,
20160916KTWO02016,7,0,1,2,1,2,1,0,0,72749,64006,R,0.0,0.225,133.0,직구,14,132.8,14,F,심우준 :  삼진 아웃 ,
20160916KTWO02016,7,0,1,2,2,2,1,0,0,72749,64006,R,0.0,0.225,123.0,슬라이더,15,132.6,15,B,심우준 :  삼진 아웃 ,
20160916KTWO02016,7,0,1,2,2,2,1,0,0,72749,64006,R,0.0,0.225,135.0,직구,16,132.6,16,F,심우준 :  삼진 아웃 ,
20160916KTWO02016,7,0,1,2,2,3,1,0,0,72749,64006,R,0.0,0.225,123.0,슬라이더,17,130.0,17,S,심우준 :  삼진 아웃 ,
20160916KTWO02016,7,1,1,0,1,0,0,0,0,75149,64300,R,0.328,0.667,136.0,직구,1,136.0,1,B,김하성 : 좌익수 앞 1루타,
20160916KTWO02016,7,1,1,0,1,0,0,0,0,75149,64300,R,0.328,0.667,135.0,직구,2,135.5,2,H,김하성 : 좌익수 앞 1루타,
20160916KTWO02016,7,1,1,0,0,0,1,0,0,75149,64346,L,0.174,0.333,133.0,직구,3,134.67,3,H,임병욱 : 투수 앞 번트안타,
20160916KTWO02016,7,1,1,0,1,0,1,1,0,75149,78168,L,0.28,0.5,133.0,직구,4,134.25,4,B,서건창 : 3루수 앞 땅볼로 출루 ,
20160916KTWO02016,7,1,1,0,1,0,1,1,0,75149,78168,L,0.28,0.5,133.0,직구,5,134.0,5,H,서건창 : 3루수 앞 땅볼로 출루 ,
20160916KTWO02016,7,1,1,1,1,0,1,1,0,64001,77463,L,0.308,0.289,110.0,체인지업,1,110.0,1,B,채태인 :  삼진 아웃 ,
20160916KTWO02016,7,1,1,1,1,1,1,1,0,64001,77463,L,0.308,0.289,109.0,커브,2,109.5,2,T,채태인 :  삼진 아웃 ,
20160916KTWO02016,7,1,1,1,1,2,0,1,1,64001,77463,L,0.308,0.289,119.0,체인지업,3,112.67,3,S,채태인 :  삼진 아웃 ,
20160916KTWO02016,7,1,1,1,1,3,0,1,1,64001,77463,L,0.308,0.289,116.0,체인지업,4,113.5,4,S,채태인 :  삼진 아웃 ,
20160916KTWO02016,7,1,1,2,1,0,0,1,1,64001,73342,R,0.222,0.333,107.0,커브,5,112.2,5,B,이택근 : 좌익수 앞 1루타,
20160916KTWO02016,7,1,1,2,1,0,0,1,1,64001,73342,R,0.222,0.333,113.0,커브,6,112.8,6,H,이택근 : 좌익수 앞 1루타,
20160916KTWO02016,7,1,3,2,1,0,1,0,0,64001,74215,R,0.351,0.333,110.0,커브,7,113.0,7,B,윤석민 : 좌익수 뒤 홈런 (홈런거리:120M) ,
20160916KTWO02016,7,1,3,2,1,0,1,0,0,64001,74215,R,0.351,0.333,132.0,직구,8,115.6,8,H,윤석민 : 좌익수 뒤 홈런 (홈런거리:120M) ,
20160916KTWO02016,7,1,5,2,0,1,0,0,0,64001,77564,R,0.319,0.25,136.0,직구,9,119.6,9,T,김민성 : 2루수 땅볼 아웃 (2루수->1루수 송구아웃),
20160916KTWO02016,7,1,5,2,0,1,0,0,0,64001,77564,R,0.319,0.25,113.0,커브,10,120.8,10,H,김민성 : 2루수 땅볼 아웃 (2루수->1루수 송구아웃),
20160916KTWO02016,8,0,5,0,0,0,0,0,0,76430,73153,L,0.0,0.25,140.0,직구,1,140.0,1,H,이대형 : 유격수 땅볼 아웃 (유격수->1루수 송구아웃),
20160916KTWO02016,8,0,5,1,0,1,0,0,0,76430,65096,L,0.0,0.0,142.0,직구,2,141.0,2,F,정주후 :  삼진 아웃 ,
20160916KTWO02016,8,0,5,1,1,1,0,0,0,76430,65096,L,0.0,0.0,142.0,직구,3,141.33,3,B,정주후 :  삼진 아웃 ,
20160916KTWO02016,8,0,5,1,1,2,0,0,0,76430,65096,L,0.0,0.0,121.0,커브,4,136.25,4,S,정주후 :  삼진 아웃 ,
20160916KTWO02016,8,0,5,1,1,2,0,0,0,76430,65096,L,0.0,0.0,127.0,포크,5,134.4,5,F,정주후 :  삼진 아웃 ,
20160916KTWO02016,8,0,5,1,1,3,0,0,0,76430,65096,L,0.0,0.0,127.0,포크,6,131.8,6,T,정주후 :  삼진 아웃 ,
20160916KTWO02016,8,0,5,2,0,1,0,0,0,76430,78517,L,0.0,0.227,142.0,직구,7,131.8,7,F,하준호 : 포수 스트라이크 낫 아웃 ,
20160916KTWO02016,8,0,5,2,0,2,0,0,0,76430,78517,L,0.0,0.227,143.0,직구,8,132.0,8,S,하준호 : 포수 스트라이크 낫 아웃 ,
20160916KTWO02016,8,0,5,2,0,3,0,0,0,76430,78517,L,0.0,0.227,121.0,커브,9,132.0,9,S,하준호 : 포수 스트라이크 낫 아웃 ,
20160916KTWO02016,8,1,5,0,0,1,0,0,0,64001,66306,L,0.298,0.301,111.0,커브,11,120.4,1,T,대니돈 : 중견수 플라이 아웃 ,
20160916KTWO02016,8,1,5,0,1,1,0,0,0,64001,66306,L,0.298,0.301,115.0,체인지업,12,121.4,2,B,대니돈 : 중견수 플라이 아웃 ,
20160916KTWO02016,8,1,5,0,1,2,0,0,0,64001,66306,L,0.298,0.301,111.0,커브,13,117.2,3,S,대니돈 : 중견수 플라이 아웃 ,
20160916KTWO02016,8,1,5,0,2,2,0,0,0,64001,66306,L,0.298,0.301,118.0,체인지업,14,113.6,4,B,대니돈 : 중견수 플라이 아웃 ,
20160916KTWO02016,8,1,5,0,2,2,0,0,0,64001,66306,L,0.298,0.301,114.0,체인지업,15,113.8,5,H,대니돈 : 중견수 플라이 아웃 ,
20160916KTWO02016,8,1,5,1,1,0,0,0,0,64001,79365,R,0.357,0.25,108.0,커브,16,113.2,6,B,박동원 : 3루수 땅볼 아웃 (3루수->1루수 송구아웃),
20160916KTWO02016,8,1,5,1,2,0,0,0,0,64001,79365,R,0.357,0.25,133.0,직구,17,116.8,7,B,박동원 : 3루수 땅볼 아웃 (3루수->1루수 송구아웃),
20160916KTWO02016,8,1,5,1,2,1,0,0,0,64001,79365,R,0.357,0.25,112.0,커브,18,117.0,8,S,박동원 : 3루수 땅볼 아웃 (3루수->1루수 송구아웃),
20160916KTWO02016,8,1,5,1,2,2,0,0,0,64001,79365,R,0.357,0.25,110.0,커브,19,115.4,9,S,박동원 : 3루수 땅볼 아웃 (3루수->1루수 송구아웃),
20160916KTWO02016,8,1,5,1,2,2,0,0,0,64001,79365,R,0.357,0.25,112.0,커브,20,115.0,10,H,박동원 : 3루수 땅볼 아웃 (3루수->1루수 송구아웃),
20160916KTWO02016,8,1,5,2,0,1,0,0,0,64001,64300,R,0.328,0.5,137.0,직구,21,120.8,11,T,김하성 : 유격수 땅볼 아웃 (유격수->1루수 송구아웃),
20160916KTWO02016,8,1,5,2,0,1,0,0,0,64001,64300,R,0.328,0.5,135.0,직구,22,121.2,12,H,김하성 : 유격수 땅볼 아웃 (유격수->1루수 송구아웃),
20160916KTWO02016,9,0,5,0,0,1,0,0,0,74359,74339,R,0.0,0.333,137.0,직구,1,137.0,1,F,유한준 : 중견수 플라이 아웃 ,
20160916KTWO02016,9,0,5,0,1,1,0,0,0,74359,74339,R,0.0,0.333,131.0,슬라이더,2,134.0,2,B,유한준 : 중견수 플라이 아웃 ,
20160916KTWO02016,9,0,5,0,1,2,0,0,0,74359,74339,R,0.0,0.333,138.0,직구,3,135.33,3,T,유한준 : 중견수 플라이 아웃 ,
20160916KTWO02016,9,0,5,0,2,2,0,0,0,74359,74339,R,0.0,0.333,138.0,직구,4,136.0,4,B,유한준 : 중견수 플라이 아웃 ,
20160916KTWO02016,9,0,5,0,2,2,0,0,0,74359,74339,R,0.0,0.333,130.0,슬라이더,5,134.8,5,H,유한준 : 중견수 플라이 아웃 ,
20160916KTWO02016,9,0,5,1,0,1,0,0,0,74359,78892,R,0.0,0.22,112.0,커브,6,129.8,6,T,윤요섭 :  삼진 아웃 ,
20160916KTWO02016,9,0,5,1,1,1,0,0,0,74359,78892,R,0.0,0.22,114.0,커브,7,126.4,7,B,윤요섭 :  삼진 아웃 ,
20160916KTWO02016,9,0,5,1,1,2,0,0,0,74359,78892,R,0.0,0.22,139.0,직구,8,126.6,8,F,윤요섭 :  삼진 아웃 ,
20160916KTWO02016,9,0,5,1,1,2,0,0,0,74359,78892,R,0.0,0.22,115.0,커브,9,122.0,9,F,윤요섭 :  삼진 아웃 ,
20160916KTWO02016,9,0,5,1,1,3,0,0,0,74359,78892,R,0.0,0.22,140.0,직구,10,124.0,10,S,윤요섭 :  삼진 아웃 ,
20160916KTWO02016,9,0,5,2,0,1,0,0,0,74359,66052,R,0.0,0.25,138.0,직구,11,129.2,11,F,남태혁 :  삼진 아웃 ,
20160916KTWO02016,9,0,5,2,0,2,0,0,0,74359,66052,R,0.0,0.25,131.0,체인지업,12,132.6,12,F,남태혁 :  삼진 아웃 ,
20160916KTWO02016,9,0,5,2,1,2,0,0,0,74359,66052,R,0.0,0.25,141.0,직구,13,133.0,13,B,남태혁 :  삼진 아웃 ,
20160916KTWO02016,9,0,5,2,2,2,0,0,0,74359,66052,R,0.0,0.25,114.0,커브,14,132.8,14,B,남태혁 :  삼진 아웃 ,
20160916KTWO02016,9,0,5,2,3,2,0,0,0,74359,66052,R,0.0,0.25,137.0,직구,15,132.2,15,B,남태혁 :  삼진 아웃 ,
20160916KTWO02016,9,0,5,2,3,2,0,0,0,74359,66052,R,0.0,0.25,138.0,직구,16,132.2,16,F,남태혁 :  삼진 아웃 ,
20160916KTWO02016,9,0,5,2,3,3,0,0,0,74359,66052,R,0.0,0.25,138.0,직구,17,133.6,17,T,남태혁 :  삼진 아웃 ,
